text,anger,disgust,fear,joy,sadness,surprise,neutral,Negative,Positive,date
The day started like any other.,0.025991803035140038,0.017580680549144745,0.7985740303993225,0.017925845459103584,0.07959795743227005,0.008215613663196564,0.05211404338479042,0.002337047830224037,0.9976630210876465,2024-04-01 00:00:00
"Woke up, had my usual coffee, and went about my routine.",0.011331891641020775,0.03323277831077576,0.008013727143406868,0.13340799510478973,0.7710328698158264,0.025920424610376358,0.017060259357094765,0.0017736422596499324,0.9982263445854187,2024-04-01 00:00:00
Work was neither too stressful nor too exciting—just another regular day.,0.0121162636205554,0.005369179416447878,0.018796762451529503,0.4850941002368927,0.1528194099664688,0.2235315889120102,0.10227272659540176,0.003375361207872629,0.9966247081756592,2024-04-01 00:00:00
"Even the evening felt routine, with dinner, a little TV, and scrolling through social media before heading to bed.",0.0048803952522575855,0.03762899339199066,0.0026959467213600874,0.14382104575634003,0.7807817459106445,0.025198787450790405,0.00499323196709156,0.9980721473693848,0.001927793025970459,2024-04-01 00:00:00
Met an old friend unexpectedly at a cafe.,0.008115081116557121,0.005830604117363691,0.07987713813781738,0.49625617265701294,0.006156780291348696,0.006608754862099886,0.3971554636955261,0.001198950340040028,0.9988009929656982,2024-04-02 00:00:00
"We hadn’t talked in years, but it felt like no time had passed.",0.007678195368498564,0.04571094363927841,0.02138744480907917,0.013259541243314743,0.6556394696235657,0.24009491503238678,0.016229428350925446,0.0033273310400545597,0.9966726303100586,2024-04-02 00:00:00
"We laughed about old times, shared updates about life, and left with a warmth that carried me through the rest of the day.",0.008565151132643223,0.024560734629631042,0.00105593865737319,0.6563654541969299,0.28955990076065063,0.014213534072041512,0.005679331719875336,0.001065402990207076,0.9989345669746399,2024-04-02 00:00:00
It reminded me how little moments like these can be so uplifting.,0.001234330702573061,0.003275822149589658,0.003143853275105357,0.9172177910804749,0.046961624175310135,0.013246295042335987,0.014920349232852459,0.00116992078255862,0.9988300204277039,2024-04-02 00:00:00
Received a random package at my doorstep.,0.029348066076636314,0.006548190023750067,0.016021843999624252,0.6347662210464478,0.02839682623744011,0.004704250022768974,0.2802145779132843,0.9980910420417786,0.0019088881090283394,2024-04-03 00:00:00
"Turns out, it was a book I had pre-ordered months ago and completely forgotten about.",0.021011600270867348,0.02926499955356121,0.004648018628358841,0.004040319472551346,0.45561060309410095,0.019864585250616074,0.46555984020233154,0.991122841835022,0.008877218700945377,2024-04-03 00:00:00
That small but pleasant surprise brought a smile to my face.,0.0012729510199278593,0.001248307409696281,0.00048598129069432616,0.9696453213691711,0.008779719471931458,0.001323274802416563,0.0172444935888052,0.001168366288766265,0.9988316893577576,2024-04-03 00:00:00
"I spent the evening flipping through its pages, already hooked by the first few chapters.",0.004729913081973791,0.0398702509701252,0.006115745287388563,0.21827815473079681,0.7055572867393494,0.011496457271277905,0.013952132314443588,0.0011126247700303793,0.9988873600959778,2024-04-03 00:00:00
"Saw an old picture today, and it brought back memories of someone I don’t talk to anymore.",0.006679227109998465,0.30704647302627563,0.01501559093594551,0.025930946692824364,0.11340267956256866,0.08097655326128006,0.4509485065937042,0.9943846464157104,0.005615302827209234,2024-04-04 00:00:00
It made me wonder how things could have been different.,0.005449188873171806,0.0032274462282657623,0.008379697799682617,0.0016929673729464412,0.010530335828661919,0.00212394492700696,0.9685964584350586,0.003990890923887491,0.996009111404419,2024-04-04 00:00:00
"I carried that heaviness with me all day, replaying past conversations in my mind and feeling that bittersweet nostalgia settle in my chest.",0.0006138460012152791,0.0027265942189842463,0.0018882830627262592,0.002410341752693057,0.010381349362432957,0.9784020781517029,0.003577475668862462,0.0061768521554768085,0.9938231706619263,2024-04-04 00:00:00
Had an amazing workout today—one of those days where everything just clicks.,0.00512155145406723,0.0012328838929533958,0.003787572728469968,0.6069874167442322,0.052371811121702194,0.003661899361759424,0.32683685421943665,0.001073528197593987,0.9989264607429504,2024-04-05 00:00:00
"I felt strong, energized, and proud of myself for pushing through.",0.0016573319444432855,0.002479019807651639,0.0017705531790852547,0.9861542582511902,0.004011084325611591,0.00278331502340734,0.0011445224517956376,0.001151201082393527,0.9988487958908081,2024-04-05 00:00:00
"There's something so satisfying about feeling progress, both physically and mentally.",0.0017955495277419686,0.0060237981379032135,0.0004193838103674352,0.9685760736465454,0.015256393700838089,0.005241247825324535,0.002687551314011216,0.0011817095801234245,0.9988182187080383,2024-04-05 00:00:00
"Ended the night with a good meal, feeling accomplished and happy.",0.0012495608534663916,0.001421276479959488,0.00021882643341086805,0.9890409111976624,0.003966940101236105,0.00236680475063622,0.0017356552416458726,0.0010735251707956195,0.9989264607429504,2024-04-05 00:00:00
"Woke up from a nightmare, the kind that lingers even after you realize it wasn’t real.",0.007836222648620605,0.013886481523513794,0.9083267450332642,0.0022272050846368074,0.031385306268930435,0.012691158801317215,0.023646926507353783,0.9970292448997498,0.0029708377551287413,2024-04-06 00:00:00
"My heart was still pounding, and it took a while to shake the uneasy feeling.",0.0007676738314330578,0.001701436354778707,0.9909103512763977,0.0009578076424077153,0.0023088569287210703,0.002422662917524576,0.0009311417234130204,0.9928440451622009,0.007155894301831722,2024-04-06 00:00:00
Even the shadows in my room felt eerie.,0.0027405107393860817,0.026871245354413986,0.8840481042861938,0.001541995326988399,0.023887041956186295,0.012347867712378502,0.04856324568390846,0.9992952346801758,0.0007047288818284869,2024-04-06 00:00:00
I distracted myself with a podcast until I calmed down enough to fall asleep again.,0.095307856798172,0.2794684171676636,0.04393633455038071,0.015163827687501907,0.2621597349643707,0.29746854305267334,0.006495308596640825,0.997729480266571,0.002270529279485345,2024-04-06 00:00:00
Saw someone littering at the park.,0.0041353218257427216,0.9893998503684998,0.0035953407641500235,0.00026009054272435606,0.0006008440395817161,0.0015619518235325813,0.0004465523816179484,0.9993335604667664,0.0006663763779215515,2024-04-07 00:00:00
It irked me more than it should have.,0.7041550278663635,0.1294703632593155,0.01968875713646412,0.0027320790104568005,0.02150951884686947,0.10252123326063156,0.01992308348417282,0.9983441829681396,0.0016557617345824838,2024-04-07 00:00:00
Just the casual disregard for the environment left a bad taste in my mouth.,0.0134978536516428,0.9536351561546326,0.002768521895632148,0.0006471466040238738,0.02407517284154892,0.0045769549906253815,0.0007991681923158467,0.9994866847991943,0.0005133469821885228,2024-04-07 00:00:00
"I picked up the trash myself, but it made me wonder—how hard is it to just do the right thing?",0.05273152515292168,0.0350307822227478,0.03485504537820816,0.004156332928687334,0.018817108124494553,0.02179764211177826,0.8326114416122437,0.003028237959370017,0.9969717264175415,2024-04-07 00:00:00
It’s frustrating seeing such carelessness.,0.10692671686410904,0.7657231092453003,0.012226484715938568,0.0015877888072282076,0.07924672961235046,0.025151409208774567,0.009137813001871109,0.999488115310669,0.0005118510453030467,2024-04-07 00:00:00
Nothing eventful today.,0.006313567981123924,0.0051226443611085415,0.7975904941558838,0.006077425554394722,0.05849684402346611,0.08551047742366791,0.04088858515024185,0.9989763498306274,0.0010236679809167981,2024-04-08 00:00:00
"Just a regular cycle of work, eat, and sleep.",0.009077146649360657,0.03940736502408981,0.004055344965308905,0.004708337597548962,0.9183782339096069,0.019466403871774673,0.004907199181616306,0.01759199984371662,0.9824079871177673,2024-04-08 00:00:00
It’s weird how some days just blur into the next without anything particularly exciting or upsetting happening.,0.03131699189543724,0.6380047798156738,0.039593107998371124,0.004756540525704622,0.1536487340927124,0.014466005377471447,0.11821383982896805,0.9978827834129333,0.00211725034750998,2024-04-08 00:00:00
"Maybe tomorrow will bring something different, but for now, today just existed in the background of my life.",0.008457858115434647,0.021270759403705597,0.0069181653670966625,0.0028042548801749945,0.9369404911994934,0.016586842015385628,0.007021680939942598,0.9994601607322693,0.0005397979984991252,2024-04-08 00:00:00
Someone cut me off in traffic and had the audacity to honk at me.,0.5668431520462036,0.3815476596355438,0.026495443657040596,0.0018260361393913627,0.013574119657278061,0.005666249897330999,0.004047307185828686,0.9994906187057495,0.0005093571962788701,2024-04-09 00:00:00
That irrational burst of anger stayed with me longer than I’d like to admit.,0.9649105668067932,0.0064514135010540485,0.009726435877382755,0.0006718382937833667,0.01009413879364729,0.0024906618054956198,0.005654975306242704,0.9939246773719788,0.006075327750295401,2024-04-09 00:00:00
"I replayed the moment in my head, thinking of all the witty comebacks I could have said.",0.015293057076632977,0.01555271353572607,0.0016233446076512337,0.032385531812906265,0.8907525539398193,0.005064673721790314,0.03932816535234451,0.9949746131896973,0.005025411024689674,2024-04-09 00:00:00
It’s funny how small things can feel so big in the moment.,0.009914109483361244,0.016234571114182472,0.00607661297544837,0.16816969215869904,0.04953375458717346,0.005511151161044836,0.744560182094574,0.024115387350320816,0.9758846759796143,2024-04-09 00:00:00
"Tried a new dish today, and it was fantastic!",0.0018654449377208948,0.0007562382961623371,0.0007038101321086287,0.9204868078231812,0.017954783514142036,0.002427460625767708,0.05580540746450424,0.001142816268838942,0.9988571405410767,2024-04-10 00:00:00
There’s something about good food that instantly lifts the mood.,0.0033627685625106096,0.01808292418718338,0.0017603548476472497,0.5960615873336792,0.3595483899116516,0.004510999191552401,0.016673028469085693,0.0010950147407129407,0.9989049434661865,2024-04-10 00:00:00
"I savored every bite, already thinking about when I could have it again.",0.011330567300319672,0.16663944721221924,0.00418495200574398,0.5054240226745605,0.2926253378391266,0.012246399186551571,0.007549311500042677,0.0011233214754611254,0.9988766312599182,2024-04-10 00:00:00
Cooking or ordering food isn’t just about eating; it’s about the experience of discovering something new.,0.01708185113966465,0.10579708963632584,0.022458801046013832,0.17505840957164764,0.6355026960372925,0.007839803583920002,0.03626124560832977,0.0011190626537427306,0.998880922794342,2024-04-10 00:00:00
Got a message from a distant cousin out of nowhere.,0.016928477212786674,0.00791698507964611,0.012932045385241508,0.049425918608903885,0.2706246078014374,0.028276067227125168,0.613895833492279,0.984784722328186,0.015215305611491203,2024-04-11 00:00:00
"We haven’t spoken in years, and it was nice catching up.",0.0023115789517760277,0.005118172615766525,0.0012061033630743623,0.7809180617332458,0.17677561938762665,0.014475991018116474,0.019194457679986954,0.0010992990573868155,0.9989006519317627,2024-04-11 00:00:00
"Life has taken us in such different directions, yet we still found common ground.",0.0032057336065918207,0.0039543285965919495,0.004715512972325087,0.012422993779182434,0.9401468634605408,0.00965843815356493,0.02589614875614643,0.0012594109866768122,0.9987406134605408,2024-04-11 00:00:00
"It’s strange how time passes, but some connections never really fade completely.",0.00899620819836855,0.03138414025306702,0.026593433693051338,0.0023065207060426474,0.09950187057256699,0.0033424075227230787,0.8278753757476807,0.0076987831853330135,0.9923012256622314,2024-04-11 00:00:00
Felt a little lonely today.,0.001505449996329844,0.005924407858401537,0.005007398314774036,0.0010585604468360543,0.011433837935328484,0.972772479057312,0.002297829370945692,0.994528591632843,0.005471386015415192,2024-04-12 00:00:00
Not sure why.,0.015795812010765076,0.00820141565054655,0.009784187190234661,0.0015764333074912429,0.0972750335931778,0.007482065353542566,0.8598850965499878,0.9990990161895752,0.0009010530775412917,2024-04-12 00:00:00
Maybe it’s just one of those days where everything feels a little heavier.,0.0063363900408148766,0.15518632531166077,0.016586070880293846,0.003605998121201992,0.6323336362838745,0.16488762199878693,0.021063966676592827,0.9525123834609985,0.04748765006661415,2024-04-12 00:00:00
"I tried distracting myself with work and entertainment, but the feeling lingered in the background.",0.04511089250445366,0.6316290497779846,0.009620465338230133,0.0012830975465476513,0.020662156865000725,0.28993651270866394,0.0017578041879460216,0.9717022180557251,0.0282977856695652,2024-04-12 00:00:00
"Some days are just like that, and I guess that’s okay.",0.0327591747045517,0.05286768078804016,0.0029313748236745596,0.02069000154733658,0.8796511888504028,0.008636059239506721,0.002464525168761611,0.9797688126564026,0.020231232047080994,2024-04-12 00:00:00
"Got through work, finished some errands, and wrapped up the day with a movie.",0.006006245035678148,0.00504639744758606,0.0018257719930261374,0.6309263706207275,0.3015075922012329,0.03378777578473091,0.020899778231978416,0.0011373406741768122,0.998862624168396,2024-04-13 00:00:00
"Nothing particularly special, but not bad either.",0.010047118179500103,0.8850710391998291,0.005750773474574089,0.0034108259715139866,0.05669434368610382,0.03548237308859825,0.0035435163881629705,0.992142915725708,0.007857115939259529,2024-04-13 00:00:00
"These kinds of days may not be memorable, but they make up most of life.",0.006110946647822857,0.01661701872944832,0.005223311949521303,0.023685630410909653,0.9108853936195374,0.01575455255806446,0.021723126992583275,0.001256182324141264,0.9987438321113586,2024-04-13 00:00:00
"And in a way, that’s comforting—just moving forward, one day at a time.",0.007467980496585369,0.02631424181163311,0.0052569168619811535,0.504225492477417,0.42886507511138916,0.015498504973948002,0.012371808290481567,0.0017915639327839017,0.9982084035873413,2024-04-13 00:00:00
Had to walk through a poorly lit street at night.,0.0031759324483573437,0.006454594433307648,0.970007598400116,0.0008672982803545892,0.009456140920519829,0.00376230594702065,0.006276142783463001,0.9994814991950989,0.0005184946930967271,2024-04-14 00:00:00
"Heart raced a little faster than usual, even though nothing happened.",0.11530724912881851,0.023853017017245293,0.03582204505801201,0.005311108194291592,0.3370800316333771,0.09583916515111923,0.3867873251438141,0.02007448300719261,0.9799254536628723,2024-04-14 00:00:00
Funny how the mind creates scenarios.,0.04683694243431091,0.11560946702957153,0.004215046297758818,0.3930944800376892,0.20355314016342163,0.02316492609679699,0.21352598071098328,0.0038523173425346613,0.996147632598877,2024-04-14 00:00:00
"The sound of footsteps behind me didn’t help, even though it was probably just another person walking home like me.",0.02098613604903221,0.16728121042251587,0.27124595642089844,0.005677517037838697,0.4402138590812683,0.020293371751904488,0.07430187612771988,0.9994913339614868,0.0005086299497634172,2024-04-14 00:00:00
Had some street food that didn’t sit well with me.,0.04252776876091957,0.5796733498573303,0.026250893250107765,0.0022344421595335007,0.07782160490751266,0.26473069190979004,0.0067613874562084675,0.9993732571601868,0.0006267671124078333,2024-04-15 00:00:00
Regretted my choices almost instantly.,0.7666680812835693,0.12430860102176666,0.005816183518618345,0.002188318409025669,0.05520004779100418,0.013327515684068203,0.032491255551576614,0.9991713762283325,0.000828621385153383,2024-04-15 00:00:00
"My stomach was upset all night, and I kept scolding myself for not being more careful.",0.04965433105826378,0.1310907006263733,0.36322930455207825,0.0037772119976580143,0.10147802531719208,0.3396306335926056,0.011139783076941967,0.9992930889129639,0.0007068502600304782,2024-04-15 00:00:00
Lesson learned—maybe I should stick to safer options next time.,0.028839677572250366,0.044747911393642426,0.04099082574248314,0.013298694044351578,0.852016270160675,0.016744835302233696,0.003361758543178439,0.9943969249725342,0.005603095516562462,2024-04-15 00:00:00
"Meetings, emails, and the usual work chaos.",0.027485156431794167,0.049326732754707336,0.01322890818119049,0.018521355465054512,0.7686769366264343,0.09493173658847809,0.027829213067889214,0.9988929629325867,0.0011070541804656386,2024-04-16 00:00:00
"Nothing too dramatic, just the usual grind.",0.0220128633081913,0.018789129331707954,0.04002682492136955,0.005581635516136885,0.48245343565940857,0.12369756400585175,0.30743855237960815,0.9984591007232666,0.00154090893920511,2024-04-16 00:00:00
"Some days are just meant to be productive rather than exciting, and that’s okay.",0.030619380995631218,0.03545660898089409,0.0019470651168376207,0.08582362532615662,0.829017698764801,0.012625925242900848,0.00450969859957695,0.99320387840271,0.006796069908887148,2024-04-16 00:00:00
"Checked a lot off my to-do list, so at least there’s some satisfaction in that.",0.009622441604733467,0.01348546240478754,0.000484110729303211,0.6686554551124573,0.2912448048591614,0.007912687957286835,0.008595000021159649,0.0023571408819407225,0.9976428151130676,2024-04-16 00:00:00
A random dog ran up to me while I was out for a walk.,0.03244863823056221,0.16396275162696838,0.5499980449676514,0.1682833880186081,0.023881075903773308,0.0035381275229156017,0.05788789317011833,0.9951421022415161,0.004857868887484074,2024-04-17 00:00:00
"Tail wagging, full of energy.",0.139202281832695,0.2483256608247757,0.005491659045219421,0.011446405202150345,0.45587801933288574,0.12347476929426193,0.016181249171495438,0.0013853413984179497,0.9986146688461304,2024-04-17 00:00:00
That brief interaction brightened my whole day.,0.0009007707121782005,0.0017038597725331783,0.0004926514229737222,0.987420380115509,0.005761662032455206,0.0016966457478702068,0.0020240095909684896,0.0011315499432384968,0.998868465423584,2024-04-17 00:00:00
Animals have this pure joy about them that’s so infectious.,0.0062075527384877205,0.010447699576616287,0.0005383964744396508,0.9122053980827332,0.06360463052988052,0.003975511062890291,0.0030208234675228596,0.0012413598597049713,0.9987586736679077,2024-04-17 00:00:00
It made me wish I had a dog of my own.,0.00744134234264493,0.05302078276872635,0.17769961059093475,0.023899804800748825,0.12544375658035278,0.2669166922569275,0.34557801485061646,0.004590263124555349,0.9954097867012024,2024-04-17 00:00:00
Got into a small argument with a coworker.,0.4612749516963959,0.4223077595233917,0.03153282403945923,0.0033740883227437735,0.010865391232073307,0.06765997409820557,0.002985089085996151,0.9919629096984863,0.008037067949771881,2024-04-18 00:00:00
"It wasn’t a big deal, but I hate when misunderstandings escalate unnecessarily.",0.7555498480796814,0.16389447450637817,0.007135910913348198,0.0022658950183540583,0.027957523241639137,0.03961735591292381,0.0035788759123533964,0.9946553707122803,0.005344596691429615,2024-04-18 00:00:00
"Spent the rest of the day replaying the conversation in my head, wishing I had handled it better.",0.005916580092161894,0.05050458014011383,0.00989161990582943,0.00878837238997221,0.3537202775478363,0.5599361062049866,0.01124246884137392,0.9973541498184204,0.0026458268985152245,2024-04-18 00:00:00
I guess I’ll have to clear things up tomorrow.,0.01715489849448204,0.057289931923151016,0.009170753881335258,0.015792040154337883,0.8120968341827393,0.08492346107959747,0.0035720590967684984,0.9949630498886108,0.005036916118115187,2024-04-18 00:00:00
Listened to an old song that brought back such good memories.,0.0025287847965955734,0.011629720218479633,0.0009445472387596965,0.7770394086837769,0.18301907181739807,0.010795672424137592,0.014042763039469719,0.0012567933881655335,0.9987432360649109,2024-04-19 00:00:00
Amazing how music can instantly transport you back to another time.,0.005577680189162493,0.0027811205945909023,0.0029223491437733173,0.02104724943637848,0.03593362495303154,0.003090854501351714,0.9286471605300903,0.0012499676086008549,0.9987499713897705,2024-04-19 00:00:00
"I closed my eyes and let it take me back to simpler days, a nice escape from the present for a little while.",0.006394640542566776,0.009516757912933826,0.002489214763045311,0.377583384513855,0.5153657793998718,0.08318892121315002,0.005461276043206453,0.0011354796588420868,0.9988645315170288,2024-04-19 00:00:00
Found some extra cash in my jacket pocket.,0.06571303308010101,0.1657772958278656,0.060458023101091385,0.033400095999240875,0.3911014497280121,0.10663185268640518,0.17691823840141296,0.011943715624511242,0.9880563020706177,2024-04-20 00:00:00
Completely unexpected but definitely welcomed!,0.0059107039123773575,0.0014454842312261462,0.0027865057345479727,0.43177133798599243,0.02380039170384407,0.008275618776679039,0.5260100364685059,0.0011834659380838275,0.9988166093826294,2024-04-20 00:00:00
"It’s not a lot, but it’s funny how something so small can make a difference in my mood.",0.01733534410595894,0.04071040824055672,0.00591044407337904,0.3897051513195038,0.08370186388492584,0.00984899327158928,0.4527878165245056,0.0028312194626778364,0.9971688389778137,2024-04-20 00:00:00
A lucky little discovery.,0.004166970495134592,0.005059531889855862,0.007371002808213234,0.7369527220726013,0.1304895281791687,0.0068122148513793945,0.10914809256792068,0.0014787510735914111,0.9985212683677673,2024-04-20 00:00:00
Missed someone deeply today.,0.0020544864237308502,0.004054851830005646,0.0005005152197554708,0.001659470028243959,0.006845229770988226,0.9813894629478455,0.0034958894830197096,0.9965007305145264,0.003499287646263838,2024-04-21 00:00:00
Certain places and memories just bring it all back.,0.005064102821052074,0.007056383416056633,0.0012297440553084016,0.0053636664524674416,0.9591594338417053,0.0035858245100826025,0.018540753051638603,0.0012062034802511334,0.9987937211990356,2024-04-21 00:00:00
"I tried to stay busy, but the feeling stayed with me.",0.014724548906087875,0.015591769479215145,0.0020714763086289167,0.0027817049995064735,0.006834137719124556,0.9562373161315918,0.001759016769938171,0.0032113059423863888,0.996788740158081,2024-04-21 00:00:00
"Some people leave, but the memories never do.",0.1483379453420639,0.3363271951675415,0.005973788909614086,0.002302321372553706,0.3313656449317932,0.16492468118667603,0.010768505744636059,0.9977699518203735,0.002230017678812146,2024-04-21 00:00:00
Maybe that’s both the blessing and the curse of having loved and lost.,0.006694617215543985,0.0598282627761364,0.007754294667392969,0.006259437184780836,0.1967993676662445,0.719085693359375,0.0035783383063971996,0.010690348222851753,0.9893096685409546,2024-04-21 00:00:00
"Work was steady, and the day passed by without much excitement.",0.016766298562288284,0.03559580817818642,0.01741635613143444,0.11702978610992432,0.24021382629871368,0.5531107783317566,0.019867194816470146,0.9916495084762573,0.00835050642490387,2024-04-22 00:00:00
"I did a little reading in the evening, which helped me unwind.",0.002373139141127467,0.04783309996128082,0.008158977143466473,0.727462887763977,0.14037472009658813,0.066029854118824,0.007767340634018183,0.002041988307610154,0.9979580640792847,2024-04-22 00:00:00
"Not every day has to be an adventure—sometimes just having a calm, uneventful day is a good thing too.",0.007766419090330601,0.0039572506211698055,0.010140763595700264,0.13477081060409546,0.8189337849617004,0.015164785087108612,0.009266160428524017,0.00469390582293272,0.9953060746192932,2024-04-22 00:00:00
Caught up with an old hobby today—painting.,0.09644422680139542,0.25561100244522095,0.009551340714097023,0.011818691156804562,0.4009573459625244,0.2058916538953781,0.019725725054740906,0.0011281692422926426,0.9988718628883362,2024-04-23 00:00:00
"It’s been years since I picked up a brush, and at first, I felt rusty.",0.01742325909435749,0.3014305830001831,0.2972260117530823,0.003579096868634224,0.17897211015224457,0.11812343448400497,0.08324553072452545,0.9908720850944519,0.009127983823418617,2024-04-23 00:00:00
"But as the colors blended on the canvas, I lost track of time.",0.04024145007133484,0.2795632481575012,0.04256395250558853,0.0028112796135246754,0.2974297106266022,0.22880227863788605,0.10858801752328873,0.0027214307337999344,0.99727863073349,2024-04-23 00:00:00
There’s something freeing about creating without worrying about perfection.,0.006507373880594969,0.0118912598118186,0.001924856100231409,0.7713940739631653,0.19443674385547638,0.007399286143481731,0.006446382030844688,0.0012982620391994715,0.9987016916275024,2024-04-23 00:00:00
I think I’ll try to do this more often.,0.00431230990216136,0.004185561556369066,0.0018520297016948462,0.007763815578073263,0.9666668176651001,0.004461208358407021,0.010758164338767529,0.0012392870848998427,0.9987607002258301,2024-04-23 00:00:00
Had a close call with a reckless driver today.,0.054424434900283813,0.009598278440535069,0.7624289989471436,0.008444037288427353,0.09428340196609497,0.04500073194503784,0.025820067152380943,0.9966710209846497,0.003328995080664754,2024-04-24 00:00:00
"One second, everything was normal, and the next, a car swerved dangerously close to mine.",0.051143500953912735,0.019194237887859344,0.8473225235939026,0.0024184121284633875,0.03746386617422104,0.0052358428947627544,0.03722159191966057,0.9989147186279297,0.0010853135026991367,2024-04-24 00:00:00
My heart pounded long after the moment passed.,0.2188795953989029,0.01087209489196539,0.12323852628469467,0.0036243200302124023,0.021962935104966164,0.5535553693771362,0.06786715984344482,0.0020013644825667143,0.9979986548423767,2024-04-24 00:00:00
It’s scary how things can change in an instant.,0.002456455025821924,0.0039717210456728935,0.9635414481163025,0.0018215731251984835,0.009559879079461098,0.0017496492946520448,0.016899369657039642,0.011582247912883759,0.9884178042411804,2024-04-24 00:00:00
A reminder to always stay alert and appreciate the calm moments.,0.008684473112225533,0.0035496957134455442,0.017430191859602928,0.11116503924131393,0.8377554416656494,0.01322726346552372,0.008187906816601753,0.0011941554257646203,0.9988058805465698,2024-04-24 00:00:00
Unexpectedly got a day off!,0.00828566960990429,0.0010175086790695786,0.002418770920485258,0.26077526807785034,0.06600452214479446,0.02330131269991398,0.6381970047950745,0.0013414825079962611,0.9986585378646851,2024-04-25 00:00:00
"Instead of wasting it, I decided to make it count.",0.05954158678650856,0.03503038361668587,0.0024640019983053207,0.03278534859418869,0.844696581363678,0.01985226757824421,0.005629892461001873,0.001218124758452177,0.9987818598747253,2024-04-25 00:00:00
"Spent the morning at a cozy café, just sipping coffee and watching people go about their day.",0.004432338289916515,0.04197944328188896,0.0018710459116846323,0.659606397151947,0.27974361181259155,0.007357058580964804,0.005010063759982586,0.001065151416696608,0.998934805393219,2024-04-25 00:00:00
"Then, I took a spontaneous walk in the park.",0.004957700148224831,0.0032420300412923098,0.0055397250689566135,0.968675434589386,0.007669666316360235,0.001338547095656395,0.008576939813792706,0.0011219056323170662,0.9988780617713928,2024-04-25 00:00:00
"No plans, no deadlines—just a day to breathe.",0.024978354573249817,0.022507673129439354,0.012505687773227692,0.008747504092752934,0.9073270559310913,0.02002405747771263,0.003909702878445387,0.0012432554503902793,0.9987567663192749,2024-04-25 00:00:00
It felt refreshing.,0.001201353152282536,0.0036550434306263924,0.0006169536500237882,0.9714692831039429,0.0170410368591547,0.0034465312492102385,0.002569809090346098,0.0012191417627036572,0.9987809062004089,2024-04-25 00:00:00
Landed in Japan today!,0.013647682964801788,0.0016880532493814826,0.0023962496779859066,0.19895200431346893,0.2163088619709015,0.011236811988055706,0.5557703375816345,0.0014419277431443334,0.9985581040382385,2024-04-26 00:00:00
"The moment I stepped out of the airport, I felt a rush of excitement.",0.0062202103435993195,0.0027395898941904306,0.028219591826200485,0.9348303079605103,0.009963304735720158,0.0009507436770945787,0.017076298594474792,0.0011806238908320665,0.9988194108009338,2024-04-26 00:00:00
"Tokyo is alive with energy—neon lights, bustling streets, and an endless flow of people.",0.01071936171501875,0.005911480635404587,0.0016340280417352915,0.6899453401565552,0.20714311301708221,0.006438649725168943,0.07820800691843033,0.0011974404333159328,0.9988025426864624,2024-04-26 00:00:00
Checked into my hotel and took a quick walk through Shinjuku.,0.0035252973902970552,0.0050475406460464,0.01974109187722206,0.0468645840883255,0.8294240832328796,0.007310188841074705,0.08808719366788864,0.0014459718950092793,0.9985540509223938,2024-04-26 00:00:00
The sheer scale of the city is overwhelming but exhilarating.,0.0008265028009191155,0.0020879018120467663,0.0014096125960350037,0.9882072806358337,0.0029011983424425125,0.0012986573856323957,0.0032687948551028967,0.0011920371325686574,0.9988080263137817,2024-04-26 00:00:00
Can’t wait to explore more!,0.0019260244444012642,0.0007824072963558137,0.0016731413779780269,0.9599342346191406,0.025133300572633743,0.00196289224550128,0.008588098920881748,0.0011370558058843017,0.9988629817962646,2024-04-26 00:00:00
"Took the Shinkansen to Kyoto, and it felt like stepping into another world.",0.008206686936318874,0.021219518035650253,0.32240280508995056,0.1049303188920021,0.34540578722953796,0.011041363701224327,0.1867935210466385,0.0011256062425673008,0.9988743662834167,2024-04-27 00:00:00
The contrast between modern Tokyo and Kyoto’s historic charm is incredible.,0.006913619581609964,0.01770927384495735,0.01595655456185341,0.03885031118988991,0.22098316252231598,0.004124348051846027,0.6954626441001892,0.0019777414854615927,0.9980223178863525,2024-04-27 00:00:00
Visited the Fushimi Inari Shrine with its famous torii gates.,0.003283540951088071,0.0075118583627045155,0.042714159935712814,0.7386566400527954,0.05921066552400589,0.015657806769013405,0.1329653561115265,0.0014423169195652008,0.9985576272010803,2024-04-27 00:00:00
"The peacefulness of the temples, the sound of rustling leaves—it all felt surreal.",0.0041971271857619286,0.06372594088315964,0.5721516013145447,0.01907997764647007,0.08469180762767792,0.025308946147561073,0.23084455728530884,0.0012850373750552535,0.9987149238586426,2024-04-27 00:00:00
Ended the day with matcha and traditional sweets.,0.003691309131681919,0.008516289293766022,0.0013668776955455542,0.78668212890625,0.16430917382240295,0.01218342874199152,0.023250775411725044,0.0011666006175801158,0.9988333582878113,2024-04-27 00:00:00
Back in Tokyo and finally saw the famous Shibuya Crossing.,0.0062170554883778095,0.002804282121360302,0.006355987396091223,0.3908005952835083,0.18514786660671234,0.007564743049442768,0.40110939741134644,0.00136180454865098,0.9986382126808167,2024-04-28 00:00:00
The sheer number of people moving in perfect rhythm was mesmerizing.,0.003033949062228203,0.011683860793709755,0.01129983738064766,0.8418359160423279,0.06854208558797836,0.004327508620917797,0.059276778250932693,0.0011963852448388934,0.9988036155700684,2024-04-28 00:00:00
"Visited Akihabara, the paradise for anime and tech lovers, and spent way too much time in arcades.",0.0029666319023817778,0.005751242861151695,0.0021902774460613728,0.5826719999313354,0.34577181935310364,0.014074251987040043,0.04657376557588577,0.9964808821678162,0.003519190475344658,2024-04-28 00:00:00
Had the best ramen of my life at a tiny shop hidden in an alley.,0.008599589578807354,0.6393644213676453,0.017251621931791306,0.08876048028469086,0.21547222137451172,0.011531620286405087,0.01902003400027752,0.0011057641822844744,0.9988942742347717,2024-04-28 00:00:00
Japan keeps surprising me!,0.007207161746919155,0.0012621530331671238,0.0012424240121617913,0.0224505215883255,0.016727088019251823,0.002254215069115162,0.9488564133644104,0.0011360493954271078,0.998863935470581,2024-04-28 00:00:00
"My last day here, and I’m already wishing I had more time.",0.0006376608507707715,0.0021212876308709383,0.001374378683976829,0.00681839045137167,0.010559230111539364,0.9685713052749634,0.009917785413563251,0.00522497808560729,0.9947749376296997,2024-04-29 00:00:00
"Walked through Asakusa, took in the view from Tokyo Tower, and made one last stop for sushi.",0.008833731524646282,0.01915394514799118,0.10839907079935074,0.027402108535170555,0.7301607131958008,0.0075274924747645855,0.09852301329374313,0.0011832871241495013,0.998816728591919,2024-04-29 00:00:00
Japan has been an unforgettable experience—from the kindness of strangers to the smallest details in everyday life.,0.004494710359722376,0.010055184364318848,0.057105615735054016,0.5430649518966675,0.20690268278121948,0.004731265362352133,0.17364558577537537,0.0010775693226605654,0.9989224672317505,2024-04-29 00:00:00
Leaving with a heart full of memories.,0.01974729262292385,0.0676807090640068,0.020086875185370445,0.004874612204730511,0.36392664909362793,0.5134069323539734,0.01027692575007677,0.0011384061072021723,0.99886155128479,2024-04-29 00:00:00
It’s funny looking back at these last 30 days.,0.009152666665613651,0.03798205405473709,0.0066767591051757336,0.24272114038467407,0.1290188580751419,0.009008168242871761,0.56544029712677,0.004307066090404987,0.9956929087638855,2024-04-30 00:00:00
"So many small moments, so many emotions.",0.01171244215220213,0.011888636276125908,0.021954109892249107,0.01189520861953497,0.7011898159980774,0.008365669287741184,0.23299407958984375,0.001265304978005588,0.9987346529960632,2024-04-30 00:00:00
"Life really is a mix of everything, isn’t it?",0.013247070834040642,0.021755028516054153,0.007772026117891073,0.0032278408762067556,0.8520407676696777,0.005753625649958849,0.09620366990566254,0.9852904081344604,0.014709597453474998,2024-04-30 00:00:00
"Some days were great, some weren’t, but they all mattered in their own way.",0.01916210725903511,0.04546494036912918,0.0019642780534923077,0.007389395963400602,0.9061430096626282,0.009324614889919758,0.010551607236266136,0.0013577401405200362,0.9986422657966614,2024-04-30 00:00:00
